tier,site,page,pitch_tool,tracked_link,contact,last_activity,why,status,sent_on,follow_up_on,outcome
1,Hairs Out of Place,https://hairsoutofplace.com/long-distance-date-ideas/,game,https://lovefarfox.com/blog/long-distance-relationship-games/?utm_source=link_outreach&utm_medium=referral&utm_campaign=tools_links_01&utm_content=hairs_out_of_place,https://hairsoutofplace.com/work-with-us/,2024-11-07,Its extensive virtual-date list already groups activities for couples who want fresh ways to connect online.,not sent,,,
1,Human Performance Resources by CHAMP (HPRC),https://www.hprc-online.org/social-fitness/relationship-building/keep-touch-during-your-deployment,timezone,https://lovefarfox.com/long-distance-time-zone-calculator/?utm_source=link_outreach&utm_medium=referral&utm_campaign=tools_links_01&utm_content=human_performance_resources_by_champ_hpr,HPRC@usuhs.edu (published on the page),2024-12-03,"The official deployment guide explicitly covers distance, time zones, and planning real-time family communication.",not sent,,,
1,Immigration for Couples,https://immigrationforcouples.com/resources/,halfway,https://lovefarfox.com/halfway-point-calculator/?utm_source=link_outreach&utm_medium=referral&utm_campaign=tools_links_01&utm_content=immigration_for_couples,https://immigrationforcouples.com/contact-our-firm/,"Latest linked story dated September 18, 2026; site copyright 2026","Its couples-focused immigration resource center offers visa guides, articles, and webinars for international partners.",not sent,,,
1,Jessie Parker,https://jessieparker.co/34-virtual-date-ideas-for-your-long-distance-relationship/,game,https://lovefarfox.com/blog/long-distance-relationship-games/?utm_source=link_outreach&utm_medium=referral&utm_campaign=tools_links_01&utm_content=jessie_parker,https://jessieparker.co/contact/,2024-06-21,"The author curates tested virtual-date ideas and names apps, so an easy browser game is a close fit.",not sent,,,
1,Lasting the Distance,https://lastingthedistance.com/long-distance-relationship-apps/,tools,https://lovefarfox.com/tools/?utm_source=link_outreach&utm_medium=referral&utm_campaign=tools_links_01&utm_content=lasting_the_distance,https://lastingthedistance.com/contact/ (publishes loloandnate [at] lastingthedistance [dot] com),2026-08-12,"Its app roundup already organizes long-distance tools by communication, touch, and couple activities.",not sent,,,
1,LongDistance.net,https://longdistance.net/surviving-and-thriving/when-time-zones-dont-match,timezone,https://lovefarfox.com/long-distance-time-zone-calculator/?utm_source=link_outreach&utm_medium=referral&utm_campaign=tools_links_01&utm_content=longdistance_net,https://longdistance.net/contact,Last updated May 2026,Practical advice and named time-zone comparison tools make this relevant to Far Fox's shared-awake-hours calculator.,not sent,,,
1,LongDistance.net,https://longdistance.net/surviving-and-thriving/best-apps-for-long-distance-couples,tools,https://lovefarfox.com/tools/?utm_source=link_outreach&utm_medium=referral&utm_campaign=tools_links_01&utm_content=longdistance_net,https://longdistance.net/contact,Last updated September 2026,"A current app roundup covers shared calendars, visit planning, games, and countdown widgets, fitting Far Fox's free-tools index.",not sent,,,
1,LongDistance.net,https://longdistance.net/activities-and-travel/,halfway,https://lovefarfox.com/halfway-point-calculator/?utm_source=link_outreach&utm_medium=referral&utm_campaign=tools_links_01&utm_content=longdistance_net,https://longdistance.net/contact,Site footer copyright 2026; no article date shown,"Its visit-planning hub links a dedicated midpoint-destinations guide alongside virtual dates, travel, and reunion activities.",not sent,,,
1,Lost on the Route,https://lostontheroute.com/why-long-distance-partners-choosing-italy-so-often-as-a-meeting-point/,halfway,https://lovefarfox.com/halfway-point-calculator/?utm_source=link_outreach&utm_medium=referral&utm_campaign=tools_links_01&utm_content=lost_on_the_route,https://lostontheroute.com/contact-me/,undated,A couple's travel article treats Italy as a meeting point and links practical travel-cost and transport resources.,not sent,,,
1,My Sweet LDR,https://my-sweet-ldr.com/tools-long-distance-relationships/,halfway,https://lovefarfox.com/halfway-point-calculator/?utm_source=link_outreach&utm_medium=referral&utm_campaign=tools_links_01&utm_content=my_sweet_ldr,https://my-sweet-ldr.com/contact/ (publishes nico@my-sweet-ldr.com),"Updated Sept 25, 2026",31-tool roundup with 'adapt to the time difference' and 'prepare your next reunion' sections.,not sent,,,
1,Seasoned Spouse,https://seasonedspouse.com/deployment-communication/,timezone,https://lovefarfox.com/long-distance-time-zone-calculator/?utm_source=link_outreach&utm_medium=referral&utm_campaign=tools_links_01&utm_content=seasoned_spouse,LizannLightfoot@gmail.com (published on https://seasonedspouse.com/meet-lizann/),2025-02-07,Its military-spouse communication tips make a practical shared-waking-hours tool relevant during deployment.,not sent,,,
1,SquirrelSarah,https://www.squirrelsarah.com/long-distance-relationship/,halfway,https://lovefarfox.com/halfway-point-calculator/?utm_source=link_outreach&utm_medium=referral&utm_campaign=tools_links_01&utm_content=squirrelsarah,https://www.squirrelsarah.com/contact/,2024-09-19,"A first-person U.S.–Germany relationship story discusses long-haul visits, visa limits, and travel burdens.",not sent,,,
1,"University Health Services, UC Berkeley",https://uhs.berkeley.edu/news/long-distance-relationships,timezone,https://lovefarfox.com/long-distance-time-zone-calculator/?utm_source=link_outreach&utm_medium=referral&utm_campaign=tools_links_01&utm_content=university_health_services_uc_berkeley,telltang@berkeley.edu (published on the page),© 2026 UC Regents; page date not shown,"A university health resource addresses keeping relationships connected while partners study apart, supporting time-zone-tool relevance.",not sent,,,
1,University of California Education Abroad Program (UCEAP),https://blog.uceap.universityofcalifornia.edu/staying-connected-while-on-study-abroad/,timezone,https://lovefarfox.com/long-distance-time-zone-calculator/?utm_source=link_outreach&utm_medium=referral&utm_campaign=tools_links_01&utm_content=university_of_california_education_abroa,https://blog.uceap.universityofcalifornia.edu/contact-us/,2026-03-31,The study-abroad guide specifically recommends finding overlapping awake hours across time zones.,not sent,,,
1,WithRowan,https://withrowan.co.uk/guides/long-distance-relationship-visa,halfway,https://lovefarfox.com/halfway-point-calculator/?utm_source=link_outreach&utm_medium=referral&utm_campaign=tools_links_01&utm_content=withrowan,hello@withrowan.co.uk (published mailto on the guide),undated,The UK visa guide addresses international partners navigating visits and longer-term routes to live together.,not sent,,,
2,Breaking the Distance,https://www.breakingthedistance.com/about-us/,game,https://lovefarfox.com/blog/long-distance-relationship-games/?utm_source=link_outreach&utm_medium=referral&utm_campaign=tools_links_01&utm_content=breaking_the_distance,none found,2024-06-09,"Existing LDR creator prospect with a live site and a relevant audience, though recent publishing has slowed.",not sent,,,
2,Couples Coaching Online,https://couplescoachingonline.com/how-to-make-a-long-distance-relationship-work-with-time-difference/,timezone,https://lovefarfox.com/long-distance-time-zone-calculator/?utm_source=link_outreach&utm_medium=referral&utm_campaign=tools_links_01&utm_content=couples_coaching_online,none found,"June 19, 2026 (byline)",An authored 2026 relationship article discusses how couples handle different schedules and time-zone overlap.,not sent,,,
2,Healthy Homefront,https://healthyhomefront.com/stay-well/stronger-together-staying-connected-during-deployment/,timezone,https://lovefarfox.com/long-distance-time-zone-calculator/?utm_source=link_outreach&utm_medium=referral&utm_campaign=tools_links_01&utm_content=healthy_homefront,https://www.triwest.com/en/contact/ (published in Healthy Homefront footer; lists media@triwest.com),undated,Its deployment communication advice and curated family-support resources are relevant to couples managing separation.,not sent,,,
2,IES Abroad,https://www.iesabroad.org/blogs/grace-heaton/navigating-long-distance-relationship-while-abroad,timezone,https://lovefarfox.com/long-distance-time-zone-calculator/?utm_source=link_outreach&utm_medium=referral&utm_campaign=tools_links_01&utm_content=ies_abroad,https://www.iesabroad.org/contact,2024-03-26,A student recounts maintaining a relationship while studying abroad across a three-hour time difference.,not sent,,,
2,LSU Media (Liverpool Students' Union),https://media.lsu.co.uk/2024/10/27/a-guide-to-navigating-long-distance-relationships-at-university/,game,https://lovefarfox.com/blog/long-distance-relationship-games/?utm_source=link_outreach&utm_medium=referral&utm_campaign=tools_links_01&utm_content=lsu_media_liverpool_students_union,https://media.lsu.co.uk/contact-us/,2024-10-27,Its university relationship guide recommends familiar communication apps for students navigating distance.,not sent,,,
2,Long Distance Fun,https://longdistancefun.com/how-to-make-long-distance-relationship-fun/,game,https://lovefarfox.com/blog/long-distance-relationship-games/?utm_source=link_outreach&utm_medium=referral&utm_campaign=tools_links_01&utm_content=long_distance_fun,https://longdistancefun.com/contact/,2024-01-23,"The page focuses on practical ways to make an LDR more enjoyable, including activities couples can do together.",not sent,,,
2,Marriage.com,https://www.marriage.com/advice/relationship/long-distance-relationship-couple-activities/,game,https://lovefarfox.com/blog/long-distance-relationship-games/?utm_source=link_outreach&utm_medium=referral&utm_campaign=tools_links_01&utm_content=marriage_com,https://www.marriage.com/contact-us,undated,"The page is an activity list for long-distance couples, making its readers a direct audience for a couples game.",not sent,,,
2,The Berkeley Beacon,https://berkeleybeacon.com/long-distance-relationships-guide/,game,https://lovefarfox.com/blog/long-distance-relationship-games/?utm_source=link_outreach&utm_medium=referral&utm_campaign=tools_links_01&utm_content=the_berkeley_beacon,https://berkeleybeacon.com/contact/,2024-03-20,The college-student guide includes synchronized online movie nights as a long-distance activity.,not sent,,,
2,The Stork,https://www.iestork.org/navigating-long-distance-relationships/,game,https://lovefarfox.com/blog/long-distance-relationship-games/?utm_source=link_outreach&utm_medium=referral&utm_campaign=tools_links_01&utm_content=the_stork,Guest Writer Submission Form linked from the article,2025-06-16,The abroad-student guide already lists communication apps for couples staying in touch across distance.,not sent,,,
3,Another Broad Abroad,https://anotherbroadabroad.substack.com/p/why-are-partner-visas-so-invasive,halfway,https://lovefarfox.com/halfway-point-calculator/?utm_source=link_outreach&utm_medium=referral&utm_campaign=tools_links_01&utm_content=another_broad_abroad,none found,"May 28, 2025","A first-person partner-visa essay targets international couples separated across borders, an adjacent audience for halfway planning.",not sent,,,
3,Cosmopolitan,https://www.cosmopolitan.com/relationships/a65356453/best-long-distance-date-ideas/,game,https://lovefarfox.com/blog/long-distance-relationship-games/?utm_source=link_outreach&utm_medium=referral&utm_campaign=tools_links_01&utm_content=cosmopolitan,none found,2025-07-09,Its recent virtual-date roundup includes shared activities that align with a no-login couples game.,not sent,,,
3,Glamour,https://www.glamour.com/story/ok-to-start-relationship-long-distance,game,https://lovefarfox.com/blog/long-distance-relationship-games/?utm_source=link_outreach&utm_medium=referral&utm_campaign=tools_links_01&utm_content=glamour,none found,2019-07-29,The first-person relationship advice includes shared online activities and could accommodate a simple game resource.,not sent,,,
3,Good Housekeeping,https://www.goodhousekeeping.com/relationships/dating-and-marriage/a43095551/long-distance-date-ideas/,game,https://lovefarfox.com/blog/long-distance-relationship-games/?utm_source=link_outreach&utm_medium=referral&utm_campaign=tools_links_01&utm_content=good_housekeeping,none found,2025-12-09,Its long-distance date-idea roundup already recommends activities couples can do together over video or online.,not sent,,,
3,LDR Visa,https://ldrvisa.org/k1-visa,halfway,https://lovefarfox.com/halfway-point-calculator/?utm_source=link_outreach&utm_medium=referral&utm_campaign=tools_links_01&utm_content=ldr_visa,none found,Site copyright 2026; no publication date shown,A specific K-1 visa guide serves international couples navigating a visa journey while planning visits across borders.,not sent,,,
3,Military OneSource,https://www.militaryonesource.mil/resources/millife-guides/deployments-separation/,tools,https://lovefarfox.com/tools/?utm_source=link_outreach&utm_medium=referral&utm_campaign=tools_links_01&utm_content=military_onesource,none found,undated,Its deployment guide links couples and families to practical tools and support for staying connected during separation.,not sent,,,
3,Psychology Today,https://www.psychologytoday.com/us/blog/a-funny-bone-to-pick/202409/how-do-you-make-long-distance-relationships-work,timezone,https://lovefarfox.com/long-distance-time-zone-calculator/?utm_source=link_outreach&utm_medium=referral&utm_campaign=tools_links_01&utm_content=psychology_today,none found,2024-09-09,The expert advice covers communication and coordination challenges that a shared-waking-hours calculator can address.,not sent,,,
3,TODAY,https://www.today.com/life/relationships/long-distance-date-ideas-rcna94164,game,https://lovefarfox.com/blog/long-distance-relationship-games/?utm_source=link_outreach&utm_medium=referral&utm_campaign=tools_links_01&utm_content=today,none found,2024-09-11,A broad long-distance date roundup is a natural fit for a lightweight game suggestion.,not sent,,,
3,The Cut,https://www.thecut.com/article/long-distance-date-ideas-make-you-feel-close.html,game,https://lovefarfox.com/blog/long-distance-relationship-games/?utm_source=link_outreach&utm_medium=referral&utm_campaign=tools_links_01&utm_content=the_cut,https://thecut.com/contact-us/,"June 23, 2025 (published)",Major magazine roundup of long-distance date ideas provides a natural context for linking a free couples game or activity tool.,not sent,,,
directory,SaaSHub,https://www.saashub.com/services/submit,tools,https://lovefarfox.com/tools/?utm_source=link_outreach&utm_medium=referral&utm_campaign=tools_links_01&utm_content=saashub,https://www.saashub.com/services/submit,undated,"The published submission form accepts released software products and apps, including web-based services.",not sent,,,
directory,The Free Tools Directory,https://thefreetoolsdirectory.com/submit,tools,https://lovefarfox.com/tools/?utm_source=link_outreach&utm_medium=referral&utm_campaign=tools_links_01&utm_content=the_free_tools_directory,https://thefreetoolsdirectory.com/submit,undated,Its form invites submissions of useful free tools for community discovery.,not sent,,,
directory,Tool Index,https://toolindex.net/submit,tools,https://lovefarfox.com/tools/?utm_source=link_outreach&utm_medium=referral&utm_campaign=tools_links_01&utm_content=tool_index,https://toolindex.net/submit,undated,Its submission page offers free tool listings and explicitly says no backlink or badge is required.,not sent,,,
